Run,ReleaseDate,LoadDate,spots,bases,spots_with_mates,avgLength,size_MB,AssemblyName,download_path,Experiment,LibraryName,LibraryStrategy,LibrarySelection,LibrarySource,LibraryLayout,InsertSize,InsertDev,Platform,Model,SRAStudy,BioProject,Study_Pubmed_id,ProjectID,Sample,BioSample,SampleType,TaxID,ScientificName,SampleName,g1k_pop_code,source,g1k_analysis_group,Subject_ID,Sex,Disease,Tumor,Affection_Status,Analyte_Type,Histological_Type,Body_Site,CenterName,Submission,dbgap_study_accession,Consent,RunHash,ReadHash
SRR1732099,4/27/2015 15:24,12/22/2014 13:50,8489,5305625,8489,625,3,,https://sra-downloadb.be-md.ncbi.nlm.nih.gov/sos5/sra-pub-zq-11/SRR001/732/SRR1732099/SRR1732099.sralite.1,SRX821067,N_w173_111,AMPLICON,PCR,METAGENOMIC,PAIRED,0,0,ILLUMINA,Illumina MiSeq,SRP030655,PRJNA222391,2,222391,SRS721653,SAMN03107415,simple,1202446,insect gut metagenome,N_w173_111,,,,,,,no,,,,,UNIVERSITY OF ILINOIS AT URBANA-CHAMPAIGN,SRA220707,,public,75FB0FFCAE238BF8384CD69C881A91E0,B3777CE7A5AD2A5F3DA94CC587B7DE1B
SRR1732101,4/27/2015 15:24,12/22/2014 14:48,31765,19853125,31765,625,15,,https://sra-downloadb.be-md.ncbi.nlm.nih.gov/sos5/sra-pub-zq-11/SRR001/732/SRR1732101/SRR1732101.sralite.1,SRX821069,Q_y5_75,AMPLICON,PCR,METAGENOMIC,PAIRED,0,0,ILLUMINA,Illumina MiSeq,SRP030655,PRJNA222391,2,222391,SRS721654,SAMN03107417,simple,1202446,insect gut metagenome,Q_y5_75,,,,,,,no,,,,,UNIVERSITY OF ILINOIS AT URBANA-CHAMPAIGN,SRA220707,,public,E5759AE96836C400AB0930900D082D92,0B18A9BBB87D4AF345756A1047E0CEB8
SRR1732103,4/27/2015 15:24,12/22/2014 13:52,72909,45568125,72909,625,33,,https://sra-downloadb.be-md.ncbi.nlm.nih.gov/sos5/sra-pub-zq-11/SRR001/732/SRR1732103/SRR1732103.sralite.1,SRX821071,M_y5_55,AMPLICON,PCR,METAGENOMIC,PAIRED,0,0,ILLUMINA,Illumina MiSeq,SRP030655,PRJNA222391,2,222391,SRS721655,SAMN03107419,simple,1202446,insect gut metagenome,M_y5_55,,,,,,,no,,,,,UNIVERSITY OF ILINOIS AT URBANA-CHAMPAIGN,SRA220707,,public,05C4A19CD3A632F3C06E6BDC1A8D6F1E,FAD6FC27B95A3345926B676340226E44
SRR1732104,4/27/2015 15:24,12/22/2014 13:52,85465,53415625,85465,625,39,,https://sra-downloadb.be-md.ncbi.nlm.nih.gov/sos5/sra-pub-zq-11/SRR001/732/SRR1732104/SRR1732104.sralite.1,SRX821073,M_w173_61,AMPLICON,PCR,METAGENOMIC,PAIRED,0,0,ILLUMINA,Illumina MiSeq,SRP030655,PRJNA222391,2,222391,SRS721656,SAMN03107421,simple,1202446,insect gut metagenome,M_w173_61,,,,,,,no,,,,,UNIVERSITY OF ILINOIS AT URBANA-CHAMPAIGN,SRA220707,,public,9462346A63033550FF21753D81246455,869FF5F9868742ED5E33555C7D281047
SRR1732105,4/27/2015 15:24,12/22/2014 13:52,103901,64938125,103901,625,47,,https://sra-downloadb.be-md.ncbi.nlm.nih.gov/sos5/sra-pub-zq-11/SRR001/732/SRR1732105/SRR1732105.sralite.1,SRX821074,F_i1or2_97,AMPLICON,PCR,METAGENOMIC,PAIRED,0,0,ILLUMINA,Illumina MiSeq,SRP030655,PRJNA222391,2,222391,SRS721657,SAMN03107422,simple,1202446,insect gut metagenome,F_i1or2_97,,,,,,,no,,,,,UNIVERSITY OF ILINOIS AT URBANA-CHAMPAIGN,SRA220707,,public,21ED03338D372A89DD906D39EAEB8BA6,5A53F2E4824640421AA8D8BCFF7E65E7
SRR1732106,4/27/2015 15:24,12/22/2014 14:51,33726,21078750,33726,625,15,,https://sra-downloadb.be-md.ncbi.nlm.nih.gov/sos5/sra-pub-zq-11/SRR001/732/SRR1732106/SRR1732106.sralite.1,SRX821068,Q7_R9_101,AMPLICON,PCR,METAGENOMIC,PAIRED,0,0,ILLUMINA,Illumina MiSeq,SRP030655,PRJNA222391,2,222391,SRS800884,SAMN03107416,simple,1202446,insect gut metagenome,Q7_R9_101,,,,,,,no,,,,,UNIVERSITY OF ILINOIS AT URBANA-CHAMPAIGN,SRA220707,,public,432615B273CF06D035F190565143CDCF,772533A84C9267404A0738B56CB83598
SRR1732107,4/27/2015 15:24,12/22/2014 13:55,269545,168465625,269545,625,122,,https://sra-downloadb.be-md.ncbi.nlm.nih.gov/sos5/sra-pub-zq-11/SRR001/732/SRR1732107/SRR1732107.sralite.1,SRX821070,M_w173_59,AMPLICON,PCR,METAGENOMIC,PAIRED,0,0,ILLUMINA,Illumina MiSeq,SRP030655,PRJNA222391,2,222391,SRS800885,SAMN03107418,simple,1202446,insect gut metagenome,M_w173_59,,,,,,,no,,,,,UNIVERSITY OF ILINOIS AT URBANA-CHAMPAIGN,SRA220707,,public,F91C042436A150380C1E2E3E1171A887,9529DBCBDFD2DE57821B1B9E103D68F1
SRR1732108,4/27/2015 15:24,12/22/2014 13:55,112780,70487500,112780,625,51,,https://sra-downloadb.be-md.ncbi.nlm.nih.gov/sos5/sra-pub-zq-11/SRR001/732/SRR1732108/SRR1732108.sralite.1,SRX821072,M_w173_43,AMPLICON,PCR,METAGENOMIC,PAIRED,0,0,ILLUMINA,Illumina MiSeq,SRP030655,PRJNA222391,2,222391,SRS800886,SAMN03107420,simple,1202446,insect gut metagenome,M_w173_43,,,,,,,no,,,,,UNIVERSITY OF ILINOIS AT URBANA-CHAMPAIGN,SRA220707,,public,66B881E4345E8787DD8C100C3062E5FD,3B8971A4C404576C6533BB0FDEF6A776
SRR1732109,4/27/2015 15:24,12/22/2014 13:52,101594,63496250,101594,625,47,,https://sra-downloadb.be-md.ncbi.nlm.nih.gov/sos5/sra-pub-zq-11/SRR001/732/SRR1732109/SRR1732109.sralite.1,SRX821075,M_y5_89,AMPLICON,PCR,METAGENOMIC,PAIRED,0,0,ILLUMINA,Illumina MiSeq,SRP030655,PRJNA222391,2,222391,SRS800887,SAMN03107423,simple,1202446,insect gut metagenome,M_y5_89,,,,,,,no,,,,,UNIVERSITY OF ILINOIS AT URBANA-CHAMPAIGN,SRA220707,,public,3F05462D2D3B0A6D1956146B372C890E,49FD023C6CFB0E24BD889A5B967A65E4
SRR1732110,4/27/2015 15:24,12/22/2014 13:52,53824,33640000,53824,625,25,,https://sra-downloadb.be-md.ncbi.nlm.nih.gov/sos5/sra-pub-zq-11/SRR001/732/SRR1732110/SRR1732110.sralite.1,SRX821076,M_o12_83,AMPLICON,PCR,METAGENOMIC,PAIRED,0,0,ILLUMINA,Illumina MiSeq,SRP030655,PRJNA222391,2,222391,SRS800888,SAMN03107424,simple,1202446,insect gut metagenome,M_o12_83,,,,,,,no,,,,,UNIVERSITY OF ILINOIS AT URBANA-CHAMPAIGN,SRA220707,,public,3F480A11DBC0207CB5D98CA19A1F0A0B,5DEC1E47035C9C69FFD78A7B76915DB2
SRR1732111,4/27/2015 15:24,12/22/2014 14:51,28494,17808750,28494,625,13,,https://sra-downloadb.be-md.ncbi.nlm.nih.gov/sos5/sra-pub-zq-11/SRR001/732/SRR1732111/SRR1732111.sralite.1,SRX821077,Q_w173_65,AMPLICON,PCR,METAGENOMIC,PAIRED,0,0,ILLUMINA,Illumina MiSeq,SRP030655,PRJNA222391,2,222391,SRS800889,SAMN03107425,simple,1202446,insect gut metagenome,Q_w173_65,,,,,,,no,,,,,UNIVERSITY OF ILINOIS AT URBANA-CHAMPAIGN,SRA220707,,public,A4FAB2BB4B4AA46026EB6FC864D46201,E98D595CB4F20D451ED6778BAEBB9BB2
SRR1732204,4/27/2015 15:24,12/22/2014 13:52,318019,198761875,318019,625,143,,https://sra-downloadb.be-md.ncbi.nlm.nih.gov/sos5/sra-pub-zq-11/SRR001/732/SRR1732204/SRR1732204.sralite.1,SRX821078,M_o12_86,AMPLICON,PCR,METAGENOMIC,PAIRED,0,0,ILLUMINA,Illumina MiSeq,SRP030655,PRJNA222391,2,222391,SRS800890,SAMN03107426,simple,1202446,insect gut metagenome,M_o12_86,,,,,,,no,,,,,UNIVERSITY OF ILINOIS AT URBANA-CHAMPAIGN,SRA220707,,public,EBDBEE291F876F910FE1D09154D74C34,E09C17578D6D4A25F6866A529CBFA85F
SRR1732205,4/27/2015 15:24,12/22/2014 13:52,141267,88291875,141267,625,63,,https://sra-downloadb.be-md.ncbi.nlm.nih.gov/sos5/sra-pub-zq-11/SRR001/732/SRR1732205/SRR1732205.sralite.1,SRX821079,M_y5_46,AMPLICON,PCR,METAGENOMIC,PAIRED,0,0,ILLUMINA,Illumina MiSeq,SRP030655,PRJNA222391,2,222391,SRS800891,SAMN03107427,simple,1202446,insect gut metagenome,M_y5_46,,,,,,,no,,,,,UNIVERSITY OF ILINOIS AT URBANA-CHAMPAIGN,SRA220707,,public,397CCCA763260C90ED0EF8B2685DEA72,517A590C16B9F7C4F79194A873902E87
SRR1732206,4/27/2015 15:24,12/22/2014 13:54,82221,51388125,82221,625,37,,https://sra-downloadb.be-md.ncbi.nlm.nih.gov/sos5/sra-pub-zq-11/SRR001/732/SRR1732206/SRR1732206.sralite.1,SRX821080,M_o12_54,AMPLICON,PCR,METAGENOMIC,PAIRED,0,0,ILLUMINA,Illumina MiSeq,SRP030655,PRJNA222391,2,222391,SRS800892,SAMN03107428,simple,1202446,insect gut metagenome,M_o12_54,,,,,,,no,,,,,UNIVERSITY OF ILINOIS AT URBANA-CHAMPAIGN,SRA220707,,public,CA83600500B2C6DFC2090D6DD48E9383,10D4D180599D5410F1F1089062B59DE3
SRR1732207,4/27/2015 15:24,12/22/2014 13:53,1435627,897266875,1435627,625,650,,https://sra-downloadb.be-md.ncbi.nlm.nih.gov/sos5/sra-pub-zq-11/SRR001/732/SRR1732207/SRR1732207.sralite.1,SRX821081,M_w173_110,AMPLICON,PCR,METAGENOMIC,PAIRED,0,0,ILLUMINA,Illumina MiSeq,SRP030655,PRJNA222391,2,222391,SRS800893,SAMN03107429,simple,1202446,insect gut metagenome,M_w173_110,,,,,,,no,,,,,UNIVERSITY OF ILINOIS AT URBANA-CHAMPAIGN,SRA220707,,public,E707B2C409DD3A266FDA767882571F08,9DF66F10276D726FBEF8A21E6F563496
SRR1732208,4/27/2015 15:24,12/22/2014 13:52,88086,55053750,88086,625,39,,https://sra-downloadb.be-md.ncbi.nlm.nih.gov/sos5/sra-pub-zq-11/SRR001/732/SRR1732208/SRR1732208.sralite.1,SRX821083,M_w173_62,AMPLICON,PCR,METAGENOMIC,PAIRED,0,0,ILLUMINA,Illumina MiSeq,SRP030655,PRJNA222391,2,222391,SRS800895,SAMN03107430,simple,1202446,insect gut metagenome,M_w173_62,,,,,,,no,,,,,UNIVERSITY OF ILINOIS AT URBANA-CHAMPAIGN,SRA220707,,public,3B5011E88E36E38A8E7CF995B9E5DBFB,0BE96A89DB2555DD8D88586C2588F044
SRR1732209,4/27/2015 15:24,12/22/2014 13:52,201817,126135625,201817,625,90,,https://sra-downloadb.be-md.ncbi.nlm.nih.gov/sos5/sra-pub-zq-11/SRR001/732/SRR1732209/SRR1732209.sralite.1,SRX821085,M_w173_91,AMPLICON,PCR,METAGENOMIC,PAIRED,0,0,ILLUMINA,Illumina MiSeq,SRP030655,PRJNA222391,2,222391,SRS800897,SAMN03107431,simple,1202446,insect gut metagenome,M_w173_91,,,,,,,no,,,,,UNIVERSITY OF ILINOIS AT URBANA-CHAMPAIGN,SRA220707,,public,BADD97DF7CFDF3C218C2C33C52D51193,B4DDD21BE0262D66258BD52FD8D987C6
SRR1732210,4/27/2015 15:24,12/22/2014 13:53,106398,66498750,106398,625,47,,https://sra-downloadb.be-md.ncbi.nlm.nih.gov/sos5/sra-pub-zq-11/SRR001/732/SRR1732210/SRR1732210.sralite.1,SRX821104,M_y5_35,AMPLICON,PCR,METAGENOMIC,PAIRED,0,0,ILLUMINA,Illumina MiSeq,SRP030655,PRJNA222391,2,222391,SRS800916,SAMN03107432,simple,1202446,insect gut metagenome,M_y5_35,,,,,,,no,,,,,UNIVERSITY OF ILINOIS AT URBANA-CHAMPAIGN,SRA220707,,public,C2CD382439F8CBC0A7A64EC2958E3057,1BD0FA4E987BB2C87C5E6C242CE9A794
SRR1732211,4/27/2015 15:24,12/22/2014 13:53,40419,25261875,40419,625,18,,https://sra-downloadb.be-md.ncbi.nlm.nih.gov/sos5/sra-pub-zq-11/SRR001/732/SRR1732211/SRR1732211.sralite.1,SRX821105,M_y5_112,AMPLICON,PCR,METAGENOMIC,PAIRED,0,0,ILLUMINA,Illumina MiSeq,SRP030655,PRJNA222391,2,222391,SRS800917,SAMN03107433,simple,1202446,insect gut metagenome,M_y5_112,,,,,,,no,,,,,UNIVERSITY OF ILINOIS AT URBANA-CHAMPAIGN,SRA220707,,public,8A1C512D1B62ACDD30B43AFA22156FE1,CCBC87208A3404B6D5740AEDA935E176
SRR1732212,4/27/2015 15:24,12/22/2014 14:52,49489,30930625,49489,625,22,,https://sra-downloadb.be-md.ncbi.nlm.nih.gov/sos5/sra-pub-zq-11/SRR001/732/SRR1732212/SRR1732212.sralite.1,SRX821106,Q7_R75_103,AMPLICON,PCR,METAGENOMIC,PAIRED,0,0,ILLUMINA,Illumina MiSeq,SRP030655,PRJNA222391,2,222391,SRS800918,SAMN03107434,simple,1202446,insect gut metagenome,Q7_R75_103,,,,,,,no,,,,,UNIVERSITY OF ILINOIS AT URBANA-CHAMPAIGN,SRA220707,,public,C54232CDCE0FC9EA2ACC4B121E28A824,78B2FA4A29998124FD223B1800023F37
SRR1732214,4/27/2015 15:24,12/22/2014 13:54,51352,32095000,51352,625,23,,https://sra-downloadb.be-md.ncbi.nlm.nih.gov/sos5/sra-pub-zq-11/SRR001/732/SRR1732214/SRR1732214.sralite.1,SRX821107,M_o12_70,AMPLICON,PCR,METAGENOMIC,PAIRED,0,0,ILLUMINA,Illumina MiSeq,SRP030655,PRJNA222391,2,222391,SRS800919,SAMN03107435,simple,1202446,insect gut metagenome,M_o12_70,,,,,,,no,,,,,UNIVERSITY OF ILINOIS AT URBANA-CHAMPAIGN,SRA220707,,public,2B903484FBEB4BCAD8317E828CE774DA,45200AE02DBF42D88C8E13FBA6255372
SRR1732215,4/27/2015 15:24,12/22/2014 13:54,38408,24005000,38408,625,17,,https://sra-downloadb.be-md.ncbi.nlm.nih.gov/sos5/sra-pub-zq-11/SRR001/732/SRR1732215/SRR1732215.sralite.1,SRX821108,M_o12_74,AMPLICON,PCR,METAGENOMIC,PAIRED,0,0,ILLUMINA,Illumina MiSeq,SRP030655,PRJNA222391,2,222391,SRS800920,SAMN03107436,simple,1202446,insect gut metagenome,M_o12_74,,,,,,,no,,,,,UNIVERSITY OF ILINOIS AT URBANA-CHAMPAIGN,SRA220707,,public,34D905C265C5F235A9F65EA75618D0AE,CA07B7DFA686F94EFF9F3070E6A1B449
SRR1732216,4/27/2015 15:24,12/22/2014 13:53,63863,39914375,63863,625,29,,https://sra-downloadb.be-md.ncbi.nlm.nih.gov/sos5/sra-pub-zq-11/SRR001/732/SRR1732216/SRR1732216.sralite.1,SRX821109,F_i1or2_96,AMPLICON,PCR,METAGENOMIC,PAIRED,0,0,ILLUMINA,Illumina MiSeq,SRP030655,PRJNA222391,2,222391,SRS800921,SAMN03107437,simple,1202446,insect gut metagenome,F_i1or2_96,,,,,,,no,,,,,UNIVERSITY OF ILINOIS AT URBANA-CHAMPAIGN,SRA220707,,public,03A500BFD9C2874D7FF1E2D6371B8927,5CC9C86CA5A6D972ADB5727D2A9332BD
SRR1732217,4/27/2015 15:24,12/22/2014 14:49,362508,226567500,362508,625,164,,https://sra-downloadb.be-md.ncbi.nlm.nih.gov/sos5/sra-pub-zq-11/SRR001/732/SRR1732217/SRR1732217.sralite.1,SRX821110,N_w173_52,AMPLICON,PCR,METAGENOMIC,PAIRED,0,0,ILLUMINA,Illumina MiSeq,SRP030655,PRJNA222391,2,222391,SRS800922,SAMN03107438,simple,1202446,insect gut metagenome,N_w173_52,,,,,,,no,,,,,UNIVERSITY OF ILINOIS AT URBANA-CHAMPAIGN,SRA220707,,public,4854076D13DFEE37DD80091E22C7BD79,874289A0B6F8FCEF2225BD40B53D8130
SRR1732218,4/27/2015 15:24,12/22/2014 14:49,271163,169476875,271163,625,123,,https://sra-downloadb.be-md.ncbi.nlm.nih.gov/sos5/sra-pub-zq-11/SRR001/732/SRR1732218/SRR1732218.sralite.1,SRX821111,N_y5_49,AMPLICON,PCR,METAGENOMIC,PAIRED,0,0,ILLUMINA,Illumina MiSeq,SRP030655,PRJNA222391,2,222391,SRS800923,SAMN03107439,simple,1202446,insect gut metagenome,N_y5_49,,,,,,,no,,,,,UNIVERSITY OF ILINOIS AT URBANA-CHAMPAIGN,SRA220707,,public,69F8809B17DF74A118350F128DB9B9DD,AF939EC103C4250428D5942B8B63648B
SRR1732219,4/27/2015 15:24,12/22/2014 14:48,283540,177212500,283540,625,128,,https://sra-downloadb.be-md.ncbi.nlm.nih.gov/sos5/sra-pub-zq-11/SRR001/732/SRR1732219/SRR1732219.sralite.1,SRX821112,N_w173_47,AMPLICON,PCR,METAGENOMIC,PAIRED,0,0,ILLUMINA,Illumina MiSeq,SRP030655,PRJNA222391,2,222391,SRS800924,SAMN03107440,simple,1202446,insect gut metagenome,N_w173_47,,,,,,,no,,,,,UNIVERSITY OF ILINOIS AT URBANA-CHAMPAIGN,SRA220707,,public,33B88144CAE91256DB7BC1BBA9D66E6C,F5D964C4C7868058580616F9E61D2CA1
SRR1732220,4/27/2015 15:24,12/22/2014 14:49,338318,211448750,338318,625,153,,https://sra-downloadb.be-md.ncbi.nlm.nih.gov/sos5/sra-pub-zq-11/SRR001/732/SRR1732220/SRR1732220.sralite.1,SRX821113,N_w173_57,AMPLICON,PCR,METAGENOMIC,PAIRED,0,0,ILLUMINA,Illumina MiSeq,SRP030655,PRJNA222391,2,222391,SRS800925,SAMN03107441,simple,1202446,insect gut metagenome,N_w173_57,,,,,,,no,,,,,UNIVERSITY OF ILINOIS AT URBANA-CHAMPAIGN,SRA220707,,public,0674E2C3B00F41852303C1D4E6874273,CC6EA55CD4AA2973E0E69251650D546D
SRR1732221,4/27/2015 15:24,12/22/2014 14:50,166507,104066875,166507,625,75,,https://sra-downloadb.be-md.ncbi.nlm.nih.gov/sos5/sra-pub-zq-11/SRR001/732/SRR1732221/SRR1732221.sralite.1,SRX821114,N_y5_64,AMPLICON,PCR,METAGENOMIC,PAIRED,0,0,ILLUMINA,Illumina MiSeq,SRP030655,PRJNA222391,2,222391,SRS800926,SAMN03107442,simple,1202446,insect gut metagenome,N_y5_64,,,,,,,no,,,,,UNIVERSITY OF ILINOIS AT URBANA-CHAMPAIGN,SRA220707,,public,2A647D38C8C67A4DDEBD2E5DFFCC57EC,EC7BBC0C98F29F345FA5CDEEBFE598C1
SRR1732222,4/27/2015 15:24,12/22/2014 14:50,219786,137366250,219786,625,98,,https://sra-downloadb.be-md.ncbi.nlm.nih.gov/sos5/sra-pub-zq-11/SRR001/732/SRR1732222/SRR1732222.sralite.1,SRX821115,N_w173_67,AMPLICON,PCR,METAGENOMIC,PAIRED,0,0,ILLUMINA,Illumina MiSeq,SRP030655,PRJNA222391,2,222391,SRS800927,SAMN03107443,simple,1202446,insect gut metagenome,N_w173_67,,,,,,,no,,,,,UNIVERSITY OF ILINOIS AT URBANA-CHAMPAIGN,SRA220707,,public,EA9B2A133247BF2C457D85CE847E5292,9AA56DF02FD49058B85029E71B70E65D
SRR1732223,4/27/2015 15:24,12/22/2014 14:06,302797,189248125,302797,625,138,,https://sra-downloadb.be-md.ncbi.nlm.nih.gov/sos5/sra-pub-zq-11/SRR001/732/SRR1732223/SRR1732223.sralite.1,SRX821117,N_o12_50,AMPLICON,PCR,METAGENOMIC,PAIRED,0,0,ILLUMINA,Illumina MiSeq,SRP030655,PRJNA222391,2,222391,SRS800928,SAMN03107445,simple,1202446,insect gut metagenome,N_o12_50,,,,,,,no,,,,,UNIVERSITY OF ILINOIS AT URBANA-CHAMPAIGN,SRA220707,,public,B0EC1B9B88A067FEF6C9E40003109104,3D5D8628C7497797EED50C75FFFE9CFF
SRR1732224,4/27/2015 15:24,12/22/2014 14:06,307157,191973125,307157,625,140,,https://sra-downloadb.be-md.ncbi.nlm.nih.gov/sos5/sra-pub-zq-11/SRR001/732/SRR1732224/SRR1732224.sralite.1,SRX821116,N_w173_38,AMPLICON,PCR,METAGENOMIC,PAIRED,0,0,ILLUMINA,Illumina MiSeq,SRP030655,PRJNA222391,2,222391,SRS800929,SAMN03107444,simple,1202446,insect gut metagenome,N_w173_38,,,,,,,no,,,,,UNIVERSITY OF ILINOIS AT URBANA-CHAMPAIGN,SRA220707,,public,23B9303AC1EF8111701E7CCD2019F8B7,0B5336214E6A53A8C0AF82E60BA0C93B
SRR1732225,4/27/2015 15:24,12/22/2014 14:10,310405,194003125,310405,625,141,,https://sra-downloadb.be-md.ncbi.nlm.nih.gov/sos5/sra-pub-zq-11/SRR001/732/SRR1732225/SRR1732225.sralite.1,SRX821118,F_y5_93,AMPLICON,PCR,METAGENOMIC,PAIRED,0,0,ILLUMINA,Illumina MiSeq,SRP030655,PRJNA222391,2,222391,SRS800930,SAMN03107446,simple,1202446,insect gut metagenome,F_y5_93,,,,,,,no,,,,,UNIVERSITY OF ILINOIS AT URBANA-CHAMPAIGN,SRA220707,,public,878F5C8EAAE2723A815600EBBB020344,A928F69630A846A1B1C4B0BF06A92E98
SRR1732226,4/27/2015 15:24,12/22/2014 14:50,297514,185946250,297514,625,136,,https://sra-downloadb.be-md.ncbi.nlm.nih.gov/sos5/sra-pub-zq-11/SRR001/732/SRR1732226/SRR1732226.sralite.1,SRX821119,N_y5_84,AMPLICON,PCR,METAGENOMIC,PAIRED,0,0,ILLUMINA,Illumina MiSeq,SRP030655,PRJNA222391,2,222391,SRS800931,SAMN03107447,simple,1202446,insect gut metagenome,N_y5_84,,,,,,,no,,,,,UNIVERSITY OF ILINOIS AT URBANA-CHAMPAIGN,SRA220707,,public,0C767C059327D0F41A871AB91597D609,05DBB0903148624D8DBF5F66AD9CC5AD
SRR1732227,4/27/2015 15:24,12/22/2014 14:13,276611,172881875,276611,625,126,,https://sra-downloadb.be-md.ncbi.nlm.nih.gov/sos5/sra-pub-zq-11/SRR001/732/SRR1732227/SRR1732227.sralite.1,SRX821120,F_w173_58,AMPLICON,PCR,METAGENOMIC,PAIRED,0,0,ILLUMINA,Illumina MiSeq,SRP030655,PRJNA222391,2,222391,SRS800932,SAMN03107448,simple,1202446,insect gut metagenome,F_w173_58,,,,,,,no,,,,,UNIVERSITY OF ILINOIS AT URBANA-CHAMPAIGN,SRA220707,,public,C53BE4472C60396D47394C767CE779F4,605D94368BA92DE8871082E790EF2377
SRR1732228,4/27/2015 15:24,12/22/2014 14:13,102478,64048750,102478,625,47,,https://sra-downloadb.be-md.ncbi.nlm.nih.gov/sos5/sra-pub-zq-11/SRR001/732/SRR1732228/SRR1732228.sralite.1,SRX821121,F_y5_41,AMPLICON,PCR,METAGENOMIC,PAIRED,0,0,ILLUMINA,Illumina MiSeq,SRP030655,PRJNA222391,2,222391,SRS800933,SAMN03107449,simple,1202446,insect gut metagenome,F_y5_41,,,,,,,no,,,,,UNIVERSITY OF ILINOIS AT URBANA-CHAMPAIGN,SRA220707,,public,2AA58CAA295FDA481223116F96C41B09,A69B7B5100746911C7D81C213728B7D3
SRR1732229,4/27/2015 15:24,12/22/2014 14:14,143129,89455625,143129,625,65,,https://sra-downloadb.be-md.ncbi.nlm.nih.gov/sos5/sra-pub-zq-11/SRR001/732/SRR1732229/SRR1732229.sralite.1,SRX821122,F_o12_36,AMPLICON,PCR,METAGENOMIC,PAIRED,0,0,ILLUMINA,Illumina MiSeq,SRP030655,PRJNA222391,2,222391,SRS800934,SAMN03107450,simple,1202446,insect gut metagenome,F_o12_36,,,,,,,no,,,,,UNIVERSITY OF ILINOIS AT URBANA-CHAMPAIGN,SRA220707,,public,9D0CF32DBBE38534EB4E9C68F20DCD2E,2789A30B84346692FCE079CAE97F1F81
SRR1732230,4/27/2015 15:24,12/22/2014 14:14,101558,63473750,101558,625,46,,https://sra-downloadb.be-md.ncbi.nlm.nih.gov/sos5/sra-pub-zq-11/SRR001/732/SRR1732230/SRR1732230.sralite.1,SRX821123,F_y5_71,AMPLICON,PCR,METAGENOMIC,PAIRED,0,0,ILLUMINA,Illumina MiSeq,SRP030655,PRJNA222391,2,222391,SRS800935,SAMN03107451,simple,1202446,insect gut metagenome,F_y5_71,,,,,,,no,,,,,UNIVERSITY OF ILINOIS AT URBANA-CHAMPAIGN,SRA220707,,public,89363937F130CAE3E08294F988D73A65,EA13EA1C6AB06801407F9961F88AC816
SRR1732231,4/27/2015 15:24,12/22/2014 14:15,178115,111321875,178115,625,81,,https://sra-downloadb.be-md.ncbi.nlm.nih.gov/sos5/sra-pub-zq-11/SRR001/732/SRR1732231/SRR1732231.sralite.1,SRX821124,F_w173_106,AMPLICON,PCR,METAGENOMIC,PAIRED,0,0,ILLUMINA,Illumina MiSeq,SRP030655,PRJNA222391,2,222391,SRS800936,SAMN03107452,simple,1202446,insect gut metagenome,F_w173_106,,,,,,,no,,,,,UNIVERSITY OF ILINOIS AT URBANA-CHAMPAIGN,SRA220707,,public,40870A9A1BFD46C43F9127E4BC49427D,5D411F865254E51B4E26BB0CD0F4BC12
SRR1732232,4/27/2015 15:24,12/22/2014 14:16,198350,123968750,198350,625,91,,https://sra-downloadb.be-md.ncbi.nlm.nih.gov/sos5/sra-pub-zq-11/SRR001/732/SRR1732232/SRR1732232.sralite.1,SRX821125,N_o12_66,AMPLICON,PCR,METAGENOMIC,PAIRED,0,0,ILLUMINA,Illumina MiSeq,SRP030655,PRJNA222391,2,222391,SRS800937,SAMN03107453,simple,1202446,insect gut metagenome,N_o12_66,,,,,,,no,,,,,UNIVERSITY OF ILINOIS AT URBANA-CHAMPAIGN,SRA220707,,public,5BA70B08DC43A2DDFBF21C6E0DE72F95,6DBAB37C92F83EA040781CE4E128001D
SRR1732233,4/27/2015 15:24,12/22/2014 14:17,161702,101063750,161702,625,74,,https://sra-downloadb.be-md.ncbi.nlm.nih.gov/sos5/sra-pub-zq-11/SRR001/732/SRR1732233/SRR1732233.sralite.1,SRX821126,F_w173_40,AMPLICON,PCR,METAGENOMIC,PAIRED,0,0,ILLUMINA,Illumina MiSeq,SRP030655,PRJNA222391,2,222391,SRS800938,SAMN03107454,simple,1202446,insect gut metagenome,F_w173_40,,,,,,,no,,,,,UNIVERSITY OF ILINOIS AT URBANA-CHAMPAIGN,SRA220707,,public,FBE7CD279DBE8274AF00E35E08FB57AA,228FCEC5A8A91A12F4A747B85E949A69
SRR1732234,4/27/2015 15:24,12/22/2014 14:23,164447,102779375,164447,625,75,,https://sra-downloadb.be-md.ncbi.nlm.nih.gov/sos5/sra-pub-zq-11/SRR001/732/SRR1732234/SRR1732234.sralite.1,SRX821127,N_o12_34,AMPLICON,PCR,METAGENOMIC,PAIRED,0,0,ILLUMINA,Illumina MiSeq,SRP030655,PRJNA222391,2,222391,SRS800939,SAMN03107455,simple,1202446,insect gut metagenome,N_o12_34,,,,,,,no,,,,,UNIVERSITY OF ILINOIS AT URBANA-CHAMPAIGN,SRA220707,,public,7D8009BC598739633FC76F97C6C02FBF,A17F840249CEDF2A6226E2D8B8533815
SRR1732235,4/27/2015 15:24,12/22/2014 14:24,161311,100819375,161311,625,74,,https://sra-downloadb.be-md.ncbi.nlm.nih.gov/sos5/sra-pub-zq-11/SRR001/732/SRR1732235/SRR1732235.sralite.1,SRX821128,F_o12_48,AMPLICON,PCR,METAGENOMIC,PAIRED,0,0,ILLUMINA,Illumina MiSeq,SRP030655,PRJNA222391,2,222391,SRS800940,SAMN03107456,simple,1202446,insect gut metagenome,F_o12_48,,,,,,,no,,,,,UNIVERSITY OF ILINOIS AT URBANA-CHAMPAIGN,SRA220707,,public,B708CD05BA1E84262C419A44A1A5A14F,2392C087221DD3A7A23E7EFE36465009
SRR1732236,4/27/2015 15:24,12/22/2014 14:24,221318,138323750,221318,625,101,,https://sra-downloadb.be-md.ncbi.nlm.nih.gov/sos5/sra-pub-zq-11/SRR001/732/SRR1732236/SRR1732236.sralite.1,SRX821129,F_w173_80,AMPLICON,PCR,METAGENOMIC,PAIRED,0,0,ILLUMINA,Illumina MiSeq,SRP030655,PRJNA222391,2,222391,SRS800941,SAMN03107457,simple,1202446,insect gut metagenome,F_w173_80,,,,,,,no,,,,,UNIVERSITY OF ILINOIS AT URBANA-CHAMPAIGN,SRA220707,,public,36D36A35018629E12E46C54E64B54A27,3341587114E7D84D9490FC3F5FAB66B6
SRR1732237,4/27/2015 15:24,12/22/2014 14:25,192301,120188125,192301,625,87,,https://sra-downloadb.be-md.ncbi.nlm.nih.gov/sos5/sra-pub-zq-11/SRR001/732/SRR1732237/SRR1732237.sralite.1,SRX821130,F_w173_45,AMPLICON,PCR,METAGENOMIC,PAIRED,0,0,ILLUMINA,Illumina MiSeq,SRP030655,PRJNA222391,2,222391,SRS800942,SAMN03107458,simple,1202446,insect gut metagenome,F_w173_45,,,,,,,no,,,,,UNIVERSITY OF ILINOIS AT URBANA-CHAMPAIGN,SRA220707,,public,58126A4DAD10C78FC614E7E26844C157,8C6DF0BE9B8176EF21CA86BC07786230
SRR1732238,4/27/2015 15:24,12/22/2014 14:26,218058,136286250,218058,625,99,,https://sra-downloadb.be-md.ncbi.nlm.nih.gov/sos5/sra-pub-zq-11/SRR001/732/SRR1732238/SRR1732238.sralite.1,SRX821131,F_w173_85,AMPLICON,PCR,METAGENOMIC,PAIRED,0,0,ILLUMINA,Illumina MiSeq,SRP030655,PRJNA222391,2,222391,SRS800943,SAMN03107459,simple,1202446,insect gut metagenome,F_w173_85,,,,,,,no,,,,,UNIVERSITY OF ILINOIS AT URBANA-CHAMPAIGN,SRA220707,,public,B5BD189E35ABD6E70C4431228DB1039C,5560AEC39972E3FF1521C9F7C0DAFF3B
SRR1732241,4/27/2015 15:24,12/22/2014 14:27,341518,213448750,341518,625,157,,https://sra-downloadb.be-md.ncbi.nlm.nih.gov/sos5/sra-pub-zq-11/SRR001/732/SRR1732241/SRR1732241.sralite.1,SRX821132,F_y5_115,AMPLICON,PCR,METAGENOMIC,PAIRED,0,0,ILLUMINA,Illumina MiSeq,SRP030655,PRJNA222391,2,222391,SRS800944,SAMN03107460,simple,1202446,insect gut metagenome,F_y5_115,,,,,,,no,,,,,UNIVERSITY OF ILINOIS AT URBANA-CHAMPAIGN,SRA220707,,public,6B83FA174DB5204AA31FDD8E1ED68B60,A62360D867B70CCADBCF865C62EF67E6
SRR1732242,4/27/2015 15:24,12/22/2014 14:27,216742,135463750,216742,625,99,,https://sra-downloadb.be-md.ncbi.nlm.nih.gov/sos5/sra-pub-zq-11/SRR001/732/SRR1732242/SRR1732242.sralite.1,SRX821133,F_o12_92,AMPLICON,PCR,METAGENOMIC,PAIRED,0,0,ILLUMINA,Illumina MiSeq,SRP030655,PRJNA222391,2,222391,SRS800945,SAMN03107461,simple,1202446,insect gut metagenome,F_o12_92,,,,,,,no,,,,,UNIVERSITY OF ILINOIS AT URBANA-CHAMPAIGN,SRA220707,,public,541CBB8B7F14310F333882469867A9A1,39A1F4B9F4894CB709B6BF692A4ED77C
SRR1732243,4/27/2015 15:24,12/22/2014 14:50,144434,90271250,144434,625,65,,https://sra-downloadb.be-md.ncbi.nlm.nih.gov/sos5/sra-pub-zq-11/SRR001/732/SRR1732243/SRR1732243.sralite.1,SRX821134,N_y5_82,AMPLICON,PCR,METAGENOMIC,PAIRED,0,0,ILLUMINA,Illumina MiSeq,SRP030655,PRJNA222391,2,222391,SRS800946,SAMN03107462,simple,1202446,insect gut metagenome,N_y5_82,,,,,,,no,,,,,UNIVERSITY OF ILINOIS AT URBANA-CHAMPAIGN,SRA220707,,public,27D09C654D55EEE55F669765312C8996,620CD4B58348F14BC43DC39494D67B86
SRR1732244,4/27/2015 15:24,12/22/2014 14:29,254609,159130625,254609,625,116,,https://sra-downloadb.be-md.ncbi.nlm.nih.gov/sos5/sra-pub-zq-11/SRR001/732/SRR1732244/SRR1732244.sralite.1,SRX821135,N_o12_79,AMPLICON,PCR,METAGENOMIC,PAIRED,0,0,ILLUMINA,Illumina MiSeq,SRP030655,PRJNA222391,2,222391,SRS800947,SAMN03107463,simple,1202446,insect gut metagenome,N_o12_79,,,,,,,no,,,,,UNIVERSITY OF ILINOIS AT URBANA-CHAMPAIGN,SRA220707,,public,E95FCB12AA1935EE371B28CF1BC0B133,5DD79BD89FE39BB2383DEFD7949352B3
SRR1732245,4/27/2015 15:24,12/22/2014 14:30,190805,119253125,190805,625,87,,https://sra-downloadb.be-md.ncbi.nlm.nih.gov/sos5/sra-pub-zq-11/SRR001/732/SRR1732245/SRR1732245.sralite.1,SRX821136,N_o12_109,AMPLICON,PCR,METAGENOMIC,PAIRED,0,0,ILLUMINA,Illumina MiSeq,SRP030655,PRJNA222391,2,222391,SRS800948,SAMN03107464,simple,1202446,insect gut metagenome,N_o12_109,,,,,,,no,,,,,UNIVERSITY OF ILINOIS AT URBANA-CHAMPAIGN,SRA220707,,public,B16470CA6C7C591D2ECCF5EF153CAB64,C9B0A720684BD3FD095EC5D0FAE9C656
SRR1732246,4/27/2015 15:24,12/22/2014 14:31,195299,122061875,195299,625,89,,https://sra-downloadb.be-md.ncbi.nlm.nih.gov/sos5/sra-pub-zq-11/SRR001/732/SRR1732246/SRR1732246.sralite.1,SRX821155,F_y5_77,AMPLICON,PCR,METAGENOMIC,PAIRED,0,0,ILLUMINA,Illumina MiSeq,SRP030655,PRJNA222391,2,222391,SRS800967,SAMN03107465,simple,1202446,insect gut metagenome,F_y5_77,,,,,,,no,,,,,UNIVERSITY OF ILINOIS AT URBANA-CHAMPAIGN,SRA220707,,public,DC9A44AF959BEA7E693C9617F4C402E9,9007F0E135B0C66D55324F1542FEDEC9
SRR1732247,4/27/2015 15:24,12/22/2014 14:33,187121,116950625,187121,625,85,,https://sra-downloadb.be-md.ncbi.nlm.nih.gov/sos5/sra-pub-zq-11/SRR001/732/SRR1732247/SRR1732247.sralite.1,SRX821157,F_o12_63,AMPLICON,PCR,METAGENOMIC,PAIRED,0,0,ILLUMINA,Illumina MiSeq,SRP030655,PRJNA222391,2,222391,SRS800968,SAMN03107466,simple,1202446,insect gut metagenome,F_o12_63,,,,,,,no,,,,,UNIVERSITY OF ILINOIS AT URBANA-CHAMPAIGN,SRA220707,,public,CEEC20F4A770B71478E8C3FCE459697F,659DD4A1A82679DCF86BE845E809601E
SRR1732248,4/27/2015 15:24,12/22/2014 14:33,184162,115101250,184162,625,84,,https://sra-downloadb.be-md.ncbi.nlm.nih.gov/sos5/sra-pub-zq-11/SRR001/732/SRR1732248/SRR1732248.sralite.1,SRX821158,F_o12_107,AMPLICON,PCR,METAGENOMIC,PAIRED,0,0,ILLUMINA,Illumina MiSeq,SRP030655,PRJNA222391,2,222391,SRS800970,SAMN03107467,simple,1202446,insect gut metagenome,F_o12_107,,,,,,,no,,,,,UNIVERSITY OF ILINOIS AT URBANA-CHAMPAIGN,SRA220707,,public,A118F1C3331C65C788CBC25A2A057DB1,10D490071315C60A5EEB77093237050D
SRR1732249,4/27/2015 15:24,12/22/2014 14:35,183567,114729375,183567,625,83,,https://sra-downloadb.be-md.ncbi.nlm.nih.gov/sos5/sra-pub-zq-11/SRR001/732/SRR1732249/SRR1732249.sralite.1,SRX821159,F_y5_44,AMPLICON,PCR,METAGENOMIC,PAIRED,0,0,ILLUMINA,Illumina MiSeq,SRP030655,PRJNA222391,2,222391,SRS800971,SAMN03107468,simple,1202446,insect gut metagenome,F_y5_44,,,,,,,no,,,,,UNIVERSITY OF ILINOIS AT URBANA-CHAMPAIGN,SRA220707,,public,992941553F88FC637A2AB21781C4F0DD,2473EED2BCCA6AA81FE331AFB497975A
SRR1732250,4/27/2015 15:24,12/22/2014 14:53,192641,120400625,192641,625,87,,https://sra-downloadb.be-md.ncbi.nlm.nih.gov/sos5/sra-pub-zq-11/SRR001/732/SRR1732250/SRR1732250.sralite.1,SRX821160,N_y5_90,AMPLICON,PCR,METAGENOMIC,PAIRED,0,0,ILLUMINA,Illumina MiSeq,SRP030655,PRJNA222391,2,222391,SRS800972,SAMN03107469,simple,1202446,insect gut metagenome,N_y5_90,,,,,,,no,,,,,UNIVERSITY OF ILINOIS AT URBANA-CHAMPAIGN,SRA220707,,public,F06F01CD41F93DA89DA3C2AB13678813,A63F8237BECE520B4E99EFECE51AF82E
SRR1732251,4/27/2015 15:24,12/22/2014 14:50,194476,121547500,194476,625,89,,https://sra-downloadb.be-md.ncbi.nlm.nih.gov/sos5/sra-pub-zq-11/SRR001/732/SRR1732251/SRR1732251.sralite.1,SRX821161,N_y5_108,AMPLICON,PCR,METAGENOMIC,PAIRED,0,0,ILLUMINA,Illumina MiSeq,SRP030655,PRJNA222391,2,222391,SRS800973,SAMN03107470,simple,1202446,insect gut metagenome,N_y5_108,,,,,,,no,,,,,UNIVERSITY OF ILINOIS AT URBANA-CHAMPAIGN,SRA220707,,public,74C5666BBE7FAA775021552D59C20809,5C9FF136915DA44428A19CEF969AB6C4
SRR1732252,4/27/2015 15:24,12/22/2014 14:36,165001,103125625,165001,625,75,,https://sra-downloadb.be-md.ncbi.nlm.nih.gov/sos5/sra-pub-zq-11/SRR001/732/SRR1732252/SRR1732252.sralite.1,SRX821162,F_o12_53,AMPLICON,PCR,METAGENOMIC,PAIRED,0,0,ILLUMINA,Illumina MiSeq,SRP030655,PRJNA222391,2,222391,SRS800974,SAMN03107471,simple,1202446,insect gut metagenome,F_o12_53,,,,,,,no,,,,,UNIVERSITY OF ILINOIS AT URBANA-CHAMPAIGN,SRA220707,,public,8B9ECDA96E11265D096A7CFDC4DB0EA7,61724EC0B1A8A0A7DE0DBC9C993F65F9
SRR1732253,4/27/2015 15:24,12/22/2014 14:36,158596,99122500,158596,625,72,,https://sra-downloadb.be-md.ncbi.nlm.nih.gov/sos5/sra-pub-zq-11/SRR001/732/SRR1732253/SRR1732253.sralite.1,SRX821163,N_o12_113,AMPLICON,PCR,METAGENOMIC,PAIRED,0,0,ILLUMINA,Illumina MiSeq,SRP030655,PRJNA222391,2,222391,SRS800975,SAMN03107472,simple,1202446,insect gut metagenome,N_o12_113,,,,,,,no,,,,,UNIVERSITY OF ILINOIS AT URBANA-CHAMPAIGN,SRA220707,,public,4A33527B018A0EC28A421115D4046441,4BF3F3B1D6059A2C9614E3119A62F453
SRR1732254,4/27/2015 15:24,12/22/2014 14:38,135308,84567500,135308,625,62,,https://sra-downloadb.be-md.ncbi.nlm.nih.gov/sos5/sra-pub-zq-11/SRR001/732/SRR1732254/SRR1732254.sralite.1,SRX821164,F_i1or2_98,AMPLICON,PCR,METAGENOMIC,PAIRED,0,0,ILLUMINA,Illumina MiSeq,SRP030655,PRJNA222391,2,222391,SRS800976,SAMN03107473,simple,1202446,insect gut metagenome,F_i1or2_98,,,,,,,no,,,,,UNIVERSITY OF ILINOIS AT URBANA-CHAMPAIGN,SRA220707,,public,2B4AFF834878F23C47AC0DBD82242DCD,938BD3388D4C0A97BDAE76C7363A0F4A
SRR1732255,4/27/2015 15:24,12/22/2014 14:39,372042,232526250,372042,625,172,,https://sra-downloadb.be-md.ncbi.nlm.nih.gov/sos5/sra-pub-zq-11/SRR001/732/SRR1732255/SRR1732255.sralite.1,SRX821165,F_PL_99,AMPLICON,PCR,METAGENOMIC,PAIRED,0,0,ILLUMINA,Illumina MiSeq,SRP030655,PRJNA222391,2,222391,SRS800977,SAMN03107474,simple,1202446,insect gut metagenome,F_PL_99,,,,,,,no,,,,,UNIVERSITY OF ILINOIS AT URBANA-CHAMPAIGN,SRA220707,,public,BF80BB430A809721FBDBAC6F53B6FD92,53D7E28ACF771DBF37254181CFCD3EE3
